{
  "n_types": 130,
  "tau_mean": 0.8919305142736421,
  "tau_std": 0.13048474611883648,
  "tau_min": 0.26062646866876626,
  "tau_max": 1.3257038111560315,
  "delta_mean": 0.004457917463451601,
  "delta_std": 0.08057144433425671,
  "delta_min": -0.06797193085272818,
  "delta_max": 0.6119804602495407
}