{
  "n_types": 100,
  "n_tracts": 80507,
  "tau_mean": 0.8881548278345518,
  "tau_std": 0.07220996493107229,
  "tau_min": 0.7325004480352744,
  "tau_max": 1.0271223013717317,
  "tau_pct_below_one": 0.94,
  "delta_mean": -0.015845175059629,
  "delta_std": 0.05297138320526548,
  "delta_min": -0.2978751118297853,
  "delta_max": 0.05049643628187233,
  "delta_pct_small": 0.94
}