{
  "date_trained": "2026-04-03",
  "git_sha": "092123b",
  "n_training_samples": 3106,
  "n_counties_output": 3106,
  "n_features": 218,
  "n_type_scores": 100,
  "n_demo_features": 117,
  "ridge": {
    "alpha": 0.02848035868435802,
    "train_r2": 0.9898418200656333
  },
  "hgb": {
    "train_r2": 0.9999659027385044,
    "max_iter": 800,
    "learning_rate": 0.1,
    "max_depth": 5,
    "min_samples_leaf": 30,
    "l2_regularization": 1.0,
    "random_state": 42
  },
  "ensemble": {
    "method": "50pct_ridge_50pct_hgb",
    "ridge_weight": 0.5,
    "hgb_weight": 0.5,
    "pred_min": 0.016212000738248883,
    "pred_max": 0.9071047805405263,
    "pred_mean": 0.31594800945945495
  },
  "loo_r_ridge": 0.533,
  "loo_r_ensemble": 0.732,
  "rmse_by_dominant_type": {
    "59": 0.018157204675165448,
    "62": 0.012884554669186211,
    "4": 0.012687989984857725,
    "97": 0.012658617957598763,
    "92": 0.011509381679072506,
    "57": 0.011186103366044503,
    "75": 0.01098881017750424,
    "11": 0.010903176979224515,
    "25": 0.01031971554467629,
    "48": 0.010306671403831076,
    "76": 0.010138222554880774,
    "87": 0.010082710931225109,
    "0": 0.009973181174824939,
    "61": 0.009934680430224562,
    "98": 0.009668440220126863,
    "14": 0.009457924923512787,
    "74": 0.009337707897758594,
    "28": 0.009303424393100616,
    "32": 0.009299246058670232,
    "69": 0.009256976106732196,
    "96": 0.00912356378498703,
    "30": 0.009122770127554535,
    "24": 0.008986510347592038,
    "56": 0.00886351976105115,
    "29": 0.008827018743693425,
    "37": 0.008681342292441146,
    "67": 0.008592615144981339,
    "34": 0.00855765357333307,
    "84": 0.008533415670285465,
    "60": 0.008466951534233805,
    "73": 0.008408630330181455,
    "6": 0.008265699559064258,
    "40": 0.008139294454792003,
    "36": 0.008112167441907465,
    "95": 0.008111813892015011,
    "58": 0.007973845503048815,
    "53": 0.007844586406907458,
    "52": 0.007823253067749827,
    "8": 0.007774560066064721,
    "49": 0.007692913450935275,
    "18": 0.007674525619054555,
    "66": 0.007422205127992247,
    "16": 0.007174218994831852,
    "39": 0.007141314237540091,
    "65": 0.007069379300005327,
    "72": 0.007065791860750287,
    "83": 0.007044105621571297,
    "79": 0.007033742808109211,
    "5": 0.0070319751753206055,
    "33": 0.006987137028942518,
    "1": 0.006913243705562351,
    "10": 0.006844248819907285,
    "3": 0.006833150839844583,
    "82": 0.00676245286891867,
    "31": 0.0066959933107969645,
    "23": 0.006693795373300133,
    "20": 0.00666417517252325,
    "22": 0.006511879345470103,
    "71": 0.006494116433893813,
    "55": 0.0064934346988215035,
    "2": 0.00638340432643538,
    "42": 0.0062387054171551,
    "70": 0.006193509116619517,
    "13": 0.006064579228322665,
    "9": 0.006029714224559393,
    "27": 0.0058646384176638915,
    "47": 0.0058212099061915636,
    "35": 0.005671556121440379,
    "15": 0.005599379279877861,
    "64": 0.005565680194062733,
    "89": 0.005515042065392286,
    "94": 0.005467463144229792,
    "45": 0.005399760512419126,
    "26": 0.005369111349876202,
    "7": 0.005224044389449077,
    "91": 0.004948127739207857,
    "63": 0.0046526578482806395
  },
  "top_20_features": [
    {
      "feature": "county_mean_dem_share",
      "ridge_coef": 0.8524423486465307
    },
    {
      "feature": "type_98_score",
      "ridge_coef": 0.18972578534435144
    },
    {
      "feature": "type_3_score",
      "ridge_coef": 0.1681034253990981
    },
    {
      "feature": "type_37_score",
      "ridge_coef": -0.16250251809335461
    },
    {
      "feature": "type_13_score",
      "ridge_coef": -0.11921493088602245
    },
    {
      "feature": "type_74_score",
      "ridge_coef": -0.08531253470482675
    },
    {
      "feature": "type_57_score",
      "ridge_coef": 0.07514152987194127
    },
    {
      "feature": "type_75_score",
      "ridge_coef": 0.07503431410677106
    },
    {
      "feature": "type_44_score",
      "ridge_coef": -0.0746575092346015
    },
    {
      "feature": "type_58_score",
      "ridge_coef": 0.06871927866587892
    },
    {
      "feature": "type_8_score",
      "ridge_coef": 0.06705554636290935
    },
    {
      "feature": "type_94_score",
      "ridge_coef": 0.06128811040670387
    },
    {
      "feature": "type_72_score",
      "ridge_coef": 0.06018432519890701
    },
    {
      "feature": "type_9_score",
      "ridge_coef": 0.05976366944704358
    },
    {
      "feature": "type_17_score",
      "ridge_coef": 0.0565074073536016
    },
    {
      "feature": "type_65_score",
      "ridge_coef": 0.05569757652824202
    },
    {
      "feature": "type_52_score",
      "ridge_coef": -0.05494251410570809
    },
    {
      "feature": "type_88_score",
      "ridge_coef": -0.05404932530910456
    },
    {
      "feature": "type_91_score",
      "ridge_coef": 0.053784755207545644
    },
    {
      "feature": "type_61_score",
      "ridge_coef": -0.05259762467693803
    }
  ],
  "target": "pres_dem_share_2024",
  "history_years": [
    2008,
    2012,
    2016,
    2020
  ]
}