{
  "date_trained": "2026-04-03",
  "git_sha": "c8feb87",
  "n_training_samples": 3106,
  "n_counties_output": 3106,
  "n_features": 141,
  "n_type_scores": 100,
  "n_demo_features": 114,
  "ridge": {
    "alpha": 0.004328761281083057,
    "train_r2": 0.9835866061129025
  },
  "hgb": {
    "train_r2": 0.999895152365126,
    "max_iter": 800,
    "learning_rate": 0.1,
    "max_depth": 5,
    "min_samples_leaf": 30,
    "l2_regularization": 1.0,
    "random_state": 42
  },
  "ensemble": {
    "method": "50pct_ridge_50pct_hgb",
    "ridge_weight": 0.5,
    "hgb_weight": 0.5,
    "pred_min": 0.013996384244468599,
    "pred_max": 0.9087738006698678,
    "pred_mean": 0.31594803169775637
  },
  "loo_r_ridge": 0.518,
  "loo_r_ensemble": 0.732,
  "rmse_by_dominant_type": {
    "28": 0.029598357588584964,
    "64": 0.02180851675485239,
    "32": 0.01904650907041207,
    "50": 0.01902702263248243,
    "30": 0.01644310491663888,
    "20": 0.01481311984543851,
    "37": 0.0143857434598201,
    "10": 0.014199682658752705,
    "13": 0.014178371120866805,
    "81": 0.014100284626114635,
    "40": 0.014052044754327694,
    "67": 0.013607306143485421,
    "1": 0.012994204566404169,
    "54": 0.012482313252599965,
    "96": 0.012288429578878836,
    "18": 0.012249915621844852,
    "41": 0.012229900215892892,
    "17": 0.012179979998682268,
    "56": 0.012020184871939116,
    "97": 0.011858627205342136,
    "86": 0.011721461590870647,
    "34": 0.01165741945138087,
    "45": 0.011448896410141383,
    "8": 0.011295046604219176,
    "87": 0.010966678132347777,
    "79": 0.010749942936381493,
    "83": 0.010711298481005407,
    "23": 0.010683447636954554,
    "91": 0.010670967838288232,
    "7": 0.01065243753910601,
    "68": 0.010580607534264633,
    "4": 0.010543822906878412,
    "77": 0.010523802365113374,
    "21": 0.010424035639327195,
    "84": 0.010358603515202342,
    "47": 0.010324303111755877,
    "48": 0.01030142783010235,
    "6": 0.010191948690458318,
    "42": 0.010178319910208988,
    "53": 0.010137428156793723,
    "39": 0.010103766677118957,
    "38": 0.010076037408003623,
    "46": 0.01007483573686435,
    "66": 0.010072153158230327,
    "55": 0.010007343256668416,
    "12": 0.01000372181980106,
    "2": 0.009921144447127972,
    "65": 0.009864954080727628,
    "61": 0.009818411905683678,
    "99": 0.00974870482006942,
    "72": 0.009743119281784564,
    "31": 0.00958909077276492,
    "35": 0.009554433236634761,
    "16": 0.00951762624873452,
    "71": 0.009415358778660633,
    "76": 0.009300584235820378,
    "0": 0.009177790406644421,
    "14": 0.009095422330639369,
    "11": 0.009065138179459158,
    "26": 0.008795240984501103,
    "58": 0.008716082245337495,
    "90": 0.008675660877441982,
    "59": 0.008643469044061897,
    "80": 0.008581784158381808,
    "74": 0.008540064142225797,
    "82": 0.008341963956729558,
    "92": 0.008274146646525458,
    "15": 0.008148602840192185,
    "88": 0.007952074910072849,
    "22": 0.007906720432823705,
    "44": 0.007884361198157533,
    "19": 0.007770556769307932,
    "3": 0.007687429811736379,
    "57": 0.007598607199796568,
    "52": 0.00753062754003042,
    "27": 0.007392069527090258,
    "43": 0.0073001207051800535,
    "36": 0.0072504364890751995,
    "9": 0.00716002143481935,
    "95": 0.007134396750662441,
    "5": 0.0071147340082137085,
    "51": 0.007101209595111015,
    "98": 0.006930017203886956,
    "69": 0.006922691629970709,
    "85": 0.00688803678125465,
    "89": 0.006869977336632613,
    "24": 0.006773075196215994,
    "60": 0.006287133353185959,
    "29": 0.006157062549692571,
    "75": 0.006055236332190505,
    "70": 0.005509837338459942
  },
  "top_20_features": [
    {
      "feature": "county_mean_dem_share",
      "ridge_coef": 0.882323960524352
    },
    {
      "feature": "type_70_score",
      "ridge_coef": 0.4914010208006999
    },
    {
      "feature": "type_92_score",
      "ridge_coef": 0.19008318134053265
    },
    {
      "feature": "type_17_score",
      "ridge_coef": 0.1815903561207143
    },
    {
      "feature": "type_26_score",
      "ridge_coef": -0.1724741986351985
    },
    {
      "feature": "type_20_score",
      "ridge_coef": -0.09670126137028813
    },
    {
      "feature": "type_60_score",
      "ridge_coef": -0.07376571076253258
    },
    {
      "feature": "type_78_score",
      "ridge_coef": -0.06753434846393605
    },
    {
      "feature": "type_97_score",
      "ridge_coef": -0.06135673242986013
    },
    {
      "feature": "type_27_score",
      "ridge_coef": -0.05825167757447429
    },
    {
      "feature": "type_80_score",
      "ridge_coef": -0.05478525664500222
    },
    {
      "feature": "type_23_score",
      "ridge_coef": 0.053090994880821925
    },
    {
      "feature": "type_21_score",
      "ridge_coef": -0.05112571020251329
    },
    {
      "feature": "type_1_score",
      "ridge_coef": -0.04802321602839988
    },
    {
      "feature": "type_31_score",
      "ridge_coef": -0.04801329169315277
    },
    {
      "feature": "type_44_score",
      "ridge_coef": 0.04497378754733389
    },
    {
      "feature": "type_42_score",
      "ridge_coef": 0.0442047900127737
    },
    {
      "feature": "type_3_score",
      "ridge_coef": -0.04408110099508861
    },
    {
      "feature": "type_12_score",
      "ridge_coef": 0.041971364575607246
    },
    {
      "feature": "type_77_score",
      "ridge_coef": 0.040126729945910614
    }
  ],
  "target": "pres_dem_share_2024",
  "history_years": [
    2008,
    2012,
    2016,
    2020
  ]
}